Name,Age,commit
Crispin Ralf,18,x
Rachyl Roly,18,x
Byrne Oralie,18,
Carissa Alexandria,19,
Kortney Gord,20,x
Gertrude Jezza,20,
Crew Susanna,20,
Sheri John Paul,20,x
Humphrey Tamela,20,
Sanjana Pooja,21,x
Kade Fae,21,
Rodger Dorine,21,
Julian Monday,21,
Marcy Ruthie,21,
Sinclair Kendal,21,x
Carey Dakota,21,
Izabelle Kelli,22,x
Roseanne Winfield,23,
Mikayla Nevil,24,x
Oswin Tillie,24,x
Mikayla Nevil,24,
Baxter Georgene,24,
Kristins Vin,26,
Ogden Terrance,26,
Suz Sophie,27,
Ibrahim Gerarda,29,
Moreen Caren,29,
Tad Kathryn,29,
Pece Ravi,30,
Sinclair Blythe,30,
Ryder Elissa,31,x
Karter Eppie,32,
Charis June,32,
Lexi Kester,32,
Connie Nadia,32,
Bethel Romy,32,
Jeane Rosalie,32,
Gertie Cierra,33,
Ty Jenessa,33,
Ferdinand Dwain,34,
Lorraine Alyse,34,
Alysa Sara,35,
Debbi Carley,35,
Ren Aron,37,
Connell Sela,37,
Melville Brenden,37,
Dennis Roseanne,38,
Justina Marisa,38,
Praise Karina,39,
Rebekah Sharlene,40,
